sample_id,label,BRCA1,BRCA2,TP53,PIK3CA,PTEN,EGFR,HER2,AKT1,CDH1,BRAF
S1,cancer,0,0,0,1,0,0,0,0,1,0
S2,non-cancer,0,0,0,0,0,0,0,0,0,0
S3,non-cancer,0,0,0,0,0,0,0,0,0,0
S4,cancer,0,1,0,0,0,0,0,0,0,0
S5,cancer,0,0,0,0,1,0,0,0,0,0
S6,cancer,1,1,0,1,0,0,0,0,0,0
S7,cancer,1,0,0,1,0,0,1,0,0,0
S8,non-cancer,0,0,0,0,0,0,0,0,0,0
S9,cancer,1,1,0,0,0,0,0,0,0,0
S10,non-cancer,0,0,0,0,0,1,0,0,0,0
S11,cancer,1,0,0,1,0,0,0,0,0,0
S12,non-cancer,0,0,0,0,1,0,0,0,0,0
S13,non-cancer,0,0,0,0,0,0,0,0,0,0
S14,cancer,1,0,0,1,0,0,0,0,0,0
S15,cancer,0,0,1,1,0,0,0,0,0,0
S16,cancer,1,0,1,0,1,0,1,0,1,0
S17,cancer,1,0,0,0,0,0,0,1,0,0
S18,cancer,0,0,0,0,0,0,0,0,0,0
S19,cancer,0,0,1,0,1,0,0,0,0,0
S20,cancer,0,1,1,0,0,0,1,0,0,0
S21,cancer,0,1,0,1,0,1,0,0,0,1
S22,cancer,0,1,0,0,0,0,0,0,0,0
S23,cancer,1,0,0,0,1,0,0,0,0,0
S24,cancer,1,0,0,0,1,1,0,1,0,0
S25,cancer,1,0,1,0,1,0,1,0,0,0
S26,non-cancer,0,0,0,0,0,0,0,0,0,0
S27,cancer,0,0,0,0,1,0,0,0,0,0
S28,cancer,1,1,1,0,1,0,1,0,1,1
S29,cancer,0,0,0,1,0,1,0,0,0,0
S30,cancer,0,0,0,0,1,0,1,0,0,0
S31,cancer,0,0,1,0,0,1,0,0,1,0
S32,cancer,1,1,1,0,0,0,0,0,0,0
S33,cancer,0,0,0,0,0,0,0,0,0,0
S34,non-cancer,0,0,0,0,0,0,0,0,0,0
S35,non-cancer,0,0,0,0,0,0,0,0,0,0
S36,non-cancer,0,0,0,0,0,0,0,0,0,0
S37,cancer,1,0,0,1,0,1,0,0,0,0
S38,cancer,1,1,0,0,0,0,0,0,0,0
S39,cancer,0,0,0,0,0,1,0,1,0,0
S40,cancer,1,0,0,0,0,0,0,1,0,0
S41,cancer,0,0,0,0,0,1,1,0,0,0
S42,cancer,0,1,0,0,1,0,0,0,0,0
S43,cancer,0,0,0,0,0,0,0,0,0,0
S44,non-cancer,0,0,0,0,0,0,0,0,0,0
S45,cancer,1,1,0,0,1,0,1,0,0,0
S46,cancer,0,1,1,0,0,0,0,0,0,0
S47,cancer,1,1,0,0,0,0,0,0,0,0
S48,cancer,0,1,1,1,0,0,1,0,0,0
S49,cancer,0,0,1,0,1,1,1,0,0,0
S50,cancer,0,0,0,0,0,0,0,0,0,0
S51,non-cancer,0,0,0,0,0,0,0,0,0,0
S52,non-cancer,0,0,0,0,0,0,0,0,0,0
S53,non-cancer,0,0,0,0,0,0,0,0,0,0
S54,non-cancer,0,0,0,0,0,0,0,0,0,0
S55,cancer,1,0,0,0,1,0,0,0,0,0
S56,non-cancer,0,0,0,0,0,0,0,0,0,0
S57,cancer,0,0,0,0,1,0,0,0,0,0
S58,cancer,0,0,0,0,0,0,0,0,0,0
S59,cancer,0,0,1,0,0,0,0,0,0,0
S60,cancer,1,0,0,0,0,0,0,0,0,0
S61,cancer,0,0,0,1,1,0,0,0,0,0
S62,cancer,0,0,1,0,1,0,0,0,0,0
S63,non-cancer,0,0,0,0,0,0,0,0,0,0
S64,cancer,1,0,0,0,0,0,0,0,0,0
S65,cancer,0,1,0,0,0,0,1,1,1,0
S66,cancer,0,0,0,0,0,0,0,0,0,0
S67,cancer,0,0,0,0,0,0,1,0,0,0
S68,non-cancer,0,0,0,0,0,0,0,0,0,0
S69,cancer,1,0,0,1,0,0,1,0,0,0
S70,non-cancer,0,0,0,0,0,0,0,0,0,0
S71,non-cancer,0,0,0,0,0,0,0,0,0,0
S72,cancer,0,1,1,0,0,1,0,0,0,0
S73,cancer,0,0,0,0,0,0,1,0,0,0
S74,non-cancer,0,0,0,0,0,0,0,0,0,0
S75,non-cancer,0,0,0,0,1,0,0,0,0,0
S76,non-cancer,0,1,1,0,0,0,0,0,0,0
S77,non-cancer,0,0,0,0,0,0,0,0,0,0
S78,cancer,0,0,0,0,0,1,0,0,0,0
S79,cancer,0,1,1,0,0,0,0,0,0,1
S80,cancer,0,0,1,0,1,0,0,0,0,0
S81,non-cancer,0,0,0,0,0,0,0,0,0,0
S82,cancer,1,0,0,0,0,0,0,1,0,0
S83,cancer,1,0,0,0,0,0,0,0,0,0
S84,cancer,1,0,1,0,1,0,0,0,0,0
S85,cancer,0,0,1,1,1,0,0,0,0,0
S86,cancer,1,1,0,0,0,0,0,0,0,0
S87,non-cancer,0,0,0,0,0,0,0,0,0,0
S88,cancer,1,0,0,0,0,0,0,0,0,0
S89,non-cancer,0,0,0,0,1,0,0,0,0,0
S90,cancer,0,1,0,0,0,0,0,0,1,0
S91,cancer,1,0,0,1,1,0,0,0,0,0
S92,non-cancer,0,0,0,0,0,0,0,0,0,0
S93,non-cancer,0,0,0,0,0,0,0,0,0,0
S94,cancer,1,0,0,0,0,0,0,0,0,0
S95,non-cancer,0,0,0,0,0,0,0,0,0,0
S96,cancer,1,0,1,0,0,0,0,0,0,0
S97,cancer,0,0,0,0,0,0,0,0,0,0
S98,cancer,1,0,0,1,0,0,0,0,0,0
S99,cancer,0,1,0,0,1,0,0,1,0,0
S100,cancer,1,1,0,0,0,0,1,0,0,0
S101,cancer,1,0,0,0,0,0,0,1,0,0
S102,cancer,1,0,0,0,1,1,0,0,0,0
S103,cancer,1,0,0,0,1,0,0,0,0,0
S104,cancer,0,1,0,0,1,0,0,0,0,0
S105,non-cancer,0,0,0,0,1,0,0,0,0,0
S106,cancer,0,0,1,1,0,1,0,0,0,0
S107,cancer,1,1,0,1,0,0,0,0,1,0
S108,non-cancer,0,0,0,0,0,0,0,0,0,0
S109,cancer,0,1,0,0,0,0,0,0,0,0
S110,cancer,1,0,1,0,0,0,0,0,0,1
S111,cancer,1,0,1,0,1,0,1,0,0,0
S112,cancer,1,0,0,0,0,1,0,0,0,0
S113,non-cancer,0,0,0,0,0,0,0,0,1,0
S114,non-cancer,1,0,0,0,0,0,0,0,0,0
S115,cancer,0,0,0,0,0,0,0,0,0,0
S116,non-cancer,0,0,0,0,0,0,0,1,0,0
S117,non-cancer,0,0,0,0,0,0,0,0,0,0
S118,cancer,1,1,1,1,1,0,1,0,0,0
S119,non-cancer,0,1,0,0,0,0,0,0,0,0
S120,cancer,1,0,1,0,0,0,1,0,0,0
S121,non-cancer,0,0,0,0,0,0,0,0,0,0
S122,non-cancer,0,0,0,0,0,0,0,0,0,0
S123,cancer,0,1,0,1,1,1,0,0,0,1
S124,cancer,1,1,1,1,1,0,0,0,0,0
S125,cancer,0,1,0,0,0,1,0,0,0,1
S126,cancer,0,0,1,0,0,0,0,0,0,0
S127,non-cancer,0,0,0,0,0,0,0,0,0,0
S128,non-cancer,0,0,0,0,0,0,0,1,0,0
S129,cancer,1,0,0,0,0,0,1,0,0,0
S130,cancer,1,1,0,0,0,0,0,0,0,0
S131,cancer,1,1,0,0,0,0,0,0,0,0
S132,cancer,0,1,1,1,0,0,0,0,0,0
S133,cancer,1,1,1,1,0,0,0,0,0,0
S134,cancer,1,0,0,0,0,1,0,0,0,0
S135,non-cancer,0,0,0,0,0,0,0,0,0,0
S136,cancer,1,1,1,0,0,0,0,0,0,0
S137,cancer,0,1,0,0,1,0,0,0,0,0
S138,non-cancer,0,0,0,0,0,0,0,0,0,0
S139,cancer,1,0,0,0,0,0,0,0,0,0
S140,non-cancer,0,0,0,0,0,0,0,0,0,0
S141,non-cancer,0,0,0,0,0,0,0,0,0,0
S142,cancer,1,0,0,0,0,0,0,0,0,0
S143,cancer,1,0,1,0,0,1,0,0,0,0
S144,cancer,1,0,0,1,0,0,0,0,0,0
S145,cancer,1,0,0,0,0,0,1,0,0,0
S146,cancer,0,0,1,0,1,0,0,0,0,0
S147,cancer,0,0,0,0,1,0,1,0,0,0
S148,cancer,1,0,0,1,0,0,0,0,0,0
S149,cancer,1,0,1,1,1,1,0,0,0,0
S150,cancer,0,1,1,0,1,0,0,0,0,0
S151,non-cancer,0,0,0,0,0,0,0,0,0,0
S152,cancer,0,1,1,0,1,0,0,0,0,0
S153,cancer,0,0,1,0,0,0,1,0,0,0
S154,cancer,1,0,0,1,0,0,1,0,0,0
S155,non-cancer,0,0,0,0,0,0,0,0,1,0
S156,cancer,0,0,1,0,1,1,0,0,0,0
S157,cancer,1,0,1,0,0,1,0,1,0,0
S158,non-cancer,0,0,0,0,0,0,0,0,0,0
S159,cancer,0,1,1,0,1,0,1,0,0,0
S160,non-cancer,0,0,0,0,0,0,0,0,0,0
S161,cancer,1,0,0,0,1,1,0,0,0,0
S162,cancer,0,0,0,0,0,0,0,0,0,0
S163,cancer,1,0,0,0,0,0,0,0,0,0
S164,cancer,1,0,1,0,0,0,0,0,0,0
S165,cancer,0,0,0,0,0,0,1,0,0,0
S166,non-cancer,0,0,0,0,0,0,0,0,0,0
S167,cancer,0,0,1,1,1,0,0,0,0,0
S168,cancer,0,0,1,0,0,1,0,0,0,0
S169,cancer,1,1,0,0,0,0,0,0,0,0
S170,cancer,1,0,1,0,0,0,0,0,0,0
S171,cancer,1,0,0,0,0,1,0,0,0,0
S172,cancer,1,1,1,1,1,0,0,0,0,0
S173,cancer,1,0,0,1,0,1,0,0,0,0
S174,cancer,0,0,0,0,0,0,1,1,0,0
S175,cancer,1,1,1,0,0,0,0,0,0,0
S176,cancer,1,1,0,0,0,1,0,0,0,0
S177,cancer,0,0,0,0,1,0,0,0,0,0
S178,cancer,1,1,1,0,0,0,0,0,0,0
S179,non-cancer,0,0,0,0,0,0,0,0,0,0
S180,cancer,1,0,1,0,0,0,0,0,0,0
S181,cancer,1,0,1,0,1,0,0,0,0,0
S182,cancer,0,1,0,1,0,0,0,1,0,0
S183,non-cancer,0,0,0,0,0,0,0,0,0,0
S184,non-cancer,0,0,0,0,0,0,0,0,0,0
S185,cancer,0,0,0,1,0,0,1,0,0,0
S186,cancer,0,0,1,0,1,0,0,0,0,0
S187,non-cancer,0,0,0,0,0,0,0,0,0,0
S188,cancer,1,0,0,0,0,0,0,0,0,0
S189,cancer,0,0,0,0,0,1,0,0,0,0
S190,cancer,0,0,1,1,0,0,0,0,0,0
S191,cancer,0,0,0,1,0,0,0,0,0,0
S192,non-cancer,0,0,0,0,0,0,1,0,0,0
S193,non-cancer,0,0,0,0,0,0,0,0,0,0
S194,cancer,0,0,1,0,0,0,0,0,0,0
S195,cancer,1,1,0,0,0,0,0,0,0,0
S196,cancer,0,0,1,0,1,0,0,0,0,0
S197,non-cancer,0,0,0,0,0,0,0,0,0,0
S198,non-cancer,0,0,0,0,0,0,0,0,0,0
S199,non-cancer,0,0,0,0,0,0,0,0,0,0
S200,non-cancer,0,0,0,0,0,0,0,0,0,0
